<code_scheme name="Project" version="173">
  <option name="FORMATTER_TAGS_ENABLED" value="true" />
  <ScalaCodeStyleSettings>
    <option name="NOT_CONTINUATION_INDENT_FOR_PARAMS" value="true" />
  </ScalaCodeStyleSettings>
  <codeStyleSettings language="Scala">
    <option name="ALIGN_MULTILINE_PARAMETERS" value="false" />
    <indentOptions>
      <option name="INDENT_SIZE" value="4" />
      <option name="CONTINUATION_INDENT_SIZE" value="4" />
      <option name="TAB_SIZE" value="4" />
    </indentOptions>
  </codeStyleSettings>
</code_scheme>