<keymap version="1" name="XWin copy" parent="Default for XWin">
  <action id="ActivateCommitToolWindow">
    <keyboard-shortcut first-keystroke="alt k" />
  </action>
  <action id="ActivateDebugToolWindow">
    <keyboard-shortcut first-keystroke="alt d" />
  </action>
  <action id="ActivateFindToolWindow">
    <keyboard-shortcut first-keystroke="alt f" />
  </action>
  <action id="ActivateProblemsViewToolWindow">
    <keyboard-shortcut first-keystroke="alt p" />
  </action>
  <action id="ActivateProjectToolWindow">
    <keyboard-shortcut first-keystroke="alt e" />
  </action>
  <action id="ActivateRunToolWindow">
    <keyboard-shortcut first-keystroke="alt r" />
  </action>
  <action id="ActivateStructureToolWindow">
    <keyboard-shortcut first-keystroke="alt s" />
  </action>
  <action id="ActivateTerminalToolWindow">
    <keyboard-shortcut first-keystroke="alt t" />
  </action>
  <action id="ActivateVersionControlToolWindow">
    <keyboard-shortcut first-keystroke="alt g" />
  </action>
  <action id="Back">
    <keyboard-shortcut first-keystroke="alt open_bracket" />
  </action>
  <action id="ChangesView.Browse">
    <keyboard-shortcut first-keystroke="shift alt a" />
  </action>
  <action id="CloseAllEditors">
    <keyboard-shortcut first-keystroke="alt w" />
  </action>
  <action id="CloseAllEditorsButActive">
    <keyboard-shortcut first-keystroke="shift ctrl w" />
  </action>
  <action id="CloseContent">
    <keyboard-shortcut first-keystroke="ctrl w" />
  </action>
  <action id="DBNavigator.Actions.SourceEditor.Save" />
  <action id="EditorSelectWord" />
  <action id="EditorUnSelectWord" />
  <action id="FileChooser.LightEditGotoOpenedFile">
    <keyboard-shortcut first-keystroke="alt a" />
  </action>
  <action id="FindUsages">
    <keyboard-shortcut first-keystroke="ctrl u" />
  </action>
  <action id="Forward">
    <keyboard-shortcut first-keystroke="alt close_bracket" />
  </action>
  <action id="GotoImplementation">
    <mouse-shortcut keystroke="control alt button1" />
    <keyboard-shortcut first-keystroke="ctrl i" />
  </action>
  <action id="GotoSuperMethod">
    <keyboard-shortcut first-keystroke="ctrl s" />
  </action>
  <action id="GuiDesigner.ShrinkSelection" />
  <action id="ImplementMethods" />
  <action id="MethodHierarchy.ImplementMethodAction" />
  <action id="NextInlineCompletionSuggestionAction" />
  <action id="PrevInlineCompletionSuggestionAction" />
  <action id="ResetIdeScaleAction" />
  <action id="SaveAll" />
  <action id="Scala.ShowImplicits">
    <keyboard-shortcut first-keystroke="shift ctrl alt equals" />
    <keyboard-shortcut first-keystroke="shift ctrl alt add" />
  </action>
  <action id="SelectInProjectView">
    <keyboard-shortcut first-keystroke="alt a" />
  </action>
  <action id="SmartSelect" />
  <action id="Terminal.DeletePreviousWord" />
  <action id="UsageFiltering.Imports" />
  <action id="UsageFiltering.WriteAccess" />
  <action id="Vcs.Log.ShowAllAffected" />
  <action id="VcsHistory.ShowAllAffected" />
  <action id="XDebugger.JumpToSource">
    <keyboard-shortcut first-keystroke="f4" />
    <keyboard-shortcut first-keystroke="alt a" />
  </action>
  <action id="ZoomInIdeAction" />
  <action id="ZoomOutIdeAction" />
  <action id="org.intellij.plugins.markdown.ui.actions.styling.InsertImageAction" />
  <action id="org.intellij.plugins.markdown.ui.actions.styling.ToggleItalicAction" />
</keymap>