<application>
  <component name="BuildProcessSatisfactionSurveyStore">
    <option name="daysWithGradleBuilds" value="5" />
    <option name="firstKotlinGradleBuildTime" value="1729108420" />
    <option name="lastKotlinGradleBuildTime" value="1729868093" />
    <option name="nextCountedGradleBuild" value="1729882547" />
  </component>
  <component name="KotlinNewUserTracker">
    <option name="firstKtFileOpened" value="1721124863" />
    <option name="lastKtFileOpened" value="1729859443" />
    <option name="newKtUserSince" value="1729108870" />
  </component>
</application>