<application>
  <component name="Trusted.Paths">
    <option name="TRUSTED_PROJECT_PATHS">
      <map>
        <entry key="$USER_HOME$/Work/contract-script" value="true" />
        <entry key="$USER_HOME$/Work/core" value="true" />
        <entry key="$USER_HOME$/Work/intellij-platform-plugin-template" value="true" />
      </map>
    </option>
  </component>
  <component name="Trusted.Paths.Settings">
    <option name="TRUSTED_PATHS">
      <list>
        <option value="$USER_HOME$/Work" />
      </list>
    </option>
  </component>
</application>