<application>
  <component name="DimensionService">
    <location key="find.popup.0.0.1920.1080" x="724" y="167" />
    <location key="#com.intellij.structuralsearch.plugin.ui.StructuralSearchDialog.0.0.1920.1080" x="322" y="232" />
    <size key="GridCell.Tab.0.right.0.0.1920.1080" width="1838" height="291" />
    <size key="GridCell.Tab.0.left.0.0.1920.1080" width="1838" height="291" />
    <size key="GridCell.Tab.0.center.0.0.1920.1080" width="1838" height="291" />
    <size key="GridCell.Tab.0.bottom.0.0.1920.1080" width="1838" height="291" />
    <size key="GridCell.Tab.1.left.0.0.1920.1080" width="1838" height="291" />
    <size key="GridCell.Tab.1.center.0.0.1920.1080" width="1838" height="291" />
    <size key="GridCell.Tab.1.right.0.0.1920.1080" width="1838" height="291" />
    <size key="GridCell.Tab.1.bottom.0.0.1920.1080" width="1838" height="291" />
    <size key="GridCell.Tab.2.left.0.0.1920.1080" width="1838" height="291" />
    <size key="GridCell.Tab.2.center.0.0.1920.1080" width="1838" height="291" />
    <size key="GridCell.Tab.2.right.0.0.1920.1080" width="1838" height="291" />
    <size key="GridCell.Tab.2.bottom.0.0.1920.1080" width="1838" height="291" />
    <size key="find.popup.0.0.1920.1080" width="747" height="650" />
    <size key="#com.intellij.structuralsearch.plugin.ui.StructuralReplaceDialog.0.0.1920.1080" width="1275" height="614" />
  </component>
  <component name="WindowManager">
    <frame x="260" y="52" width="1400" height="970" />
  </component>
  <component name="WindowStateApplicationService">
    <state x="705" y="359" width="499" height="266" key="#com.intellij.ide.actions.ChooseComponentsToExportDialog" timestamp="1728462248269">
      <screen x="0" y="32" width="1920" height="1048" />
    </state>
    <state x="705" y="359" width="499" height="266" key="#com.intellij.ide.actions.ChooseComponentsToExportDialog/0.32.1920.1048" timestamp="1728462248269" />
    <state x="720" y="231" width="480" height="522" key="FileChooserDialogImpl" timestamp="1728462247200">
      <screen x="0" y="32" width="1920" height="1048" />
    </state>
    <state x="720" y="231" width="480" height="522" key="FileChooserDialogImpl/0.32.1920.1048" timestamp="1728462247200" />
    <state width="760" height="135" key="ShowUsagesActions.dimensionServiceKey" timestamp="1729872203393">
      <screen x="0" y="32" width="1920" height="1014" />
    </state>
    <state width="719" height="134" key="ShowUsagesActions.dimensionServiceKey/0.32.1920.1010" timestamp="1729282375978" />
    <state width="760" height="135" key="ShowUsagesActions.dimensionServiceKey/0.32.1920.1014" timestamp="1729872203393" />
    <state x="960" y="489" width="800" height="650" key="WELCOME_SCREEN" timestamp="1728462389731">
      <screen x="0" y="32" width="1920" height="1048" />
    </state>
    <state x="960" y="489" width="800" height="650" key="WELCOME_SCREEN/0.32.1920.1048" timestamp="1728462389731" />
  </component>
</application>